File Name,Label
car_img_10a.jpg,car
car_img_11a.jpg,car
car_img_12a.jpg,car
car_img_16.jpg,car
car_img_16a.jpg,car
car_img_17a.jpg,car
car_img_19a.jpg,car
car_img_2.jpg,car
car_img_21.jpg,car
car_img_21a.jpg,car
car_img_23.jpg,car
car_img_23a.jpg,car
car_img_26a.jpg,car
car_img_27.jpg,car
car_img_28a.jpg,car
car_img_29a.jpg,car
car_img_3.jpg,car
car_img_30.jpg,car
car_img_30a.jpg,car
car_img_31a.jpg,car
car_img_33.jpg,car
car_img_33a.jpg,car
car_img_34a.jpg,car
car_img_36.jpg,car
car_img_36a.jpg,car
car_img_37a.jpg,car
car_img_38a.jpg,car
car_img_39.jpg,car
car_img_39a.jpg,car
car_img_40.jpg,car
car_img_40a.jpg,car
car_img_41.jpg,car
car_img_41a.jpg,car
car_img_42.jpg,car
car_img_42a.jpg,car
car_img_43.jpg,car
car_img_43a.jpg,car
car_img_44.jpg,car
car_img_45a.jpg,car
car_img_46.jpg,car
car_img_46a.jpg,car
car_img_47.jpg,car
car_img_47a.jpg,car
car_img_48a.jpg,car
car_img_49.jpg,car
car_img_49a.jpg,car
car_img_50.jpg,car
car_img_50a.jpg,car
car_img_51a.jpg,car
car_img_52.jpg,car
car_img_52a.jpg,car
car_img_53.jpg,car
car_img_53a.jpg,car
car_img_54.jpg,car
car_img_54a.jpg,car
car_img_55.jpg,car
car_img_56a.jpg,car
car_img_57a.jpg,car
car_img_58.jpg,car
car_img_60.jpg,car
car_img_60a.jpg,car
car_img_61.jpg,car
car_img_62.jpg,car
car_img_62a.jpg,car
car_img_63.jpg,car
car_img_63a.jpg,car
car_img_64.jpg,car
car_img_65.jpg,car
car_img_66a.jpg,car
car_img_67.jpg,car
car_img_67a.jpg,car
car_img_68.jpg,car
car_img_69.jpg,car
car_img_69a.jpg,car
car_img_7.jpg,car
car_img_70.jpg,car
car_img_70a.jpg,car
car_img_71.jpg,car
car_img_71a.jpg,car
car_img_72.jpg,car
car_img_73.jpg,car
car_img_73a.jpg,car
car_img_74.jpg,car
car_img_74a.jpg,car
car_img_75a.jpg,car
car_img_76.jpg,car
car_img_76a.jpg,car
car_img_77.jpg,car
car_img_78.jpg,car
car_img_78a.jpg,car
car_img_79.jpg,car
car_img_79a.jpg,car
car_img_7a.jpg,car
car_img_80.jpg,car
car_img_80a.jpg,car
car_img_81.jpg,car
car_img_81a.jpg,car
car_img_82.jpg,car
car_img_82a.jpg,car
car_img_83.jpg,car
car_img_84a.jpg,car
car_img_86.jpg,car
car_img_86a.jpg,car
car_img_87.jpg,car
car_img_87a.jpg,car
car_img_88.jpg,car
car_img_88a.jpg,car
car_img_89.jpg,car
car_img_89a.jpg,car
car_img_9.jpg,car
car_img_90.jpg,car
car_img_91.jpg,car
car_img_93.jpg,car
car_img_93a.jpg,car
car_img_94a.jpg,car
car_img_97a.jpg,car
car_img_98a.jpg,car
car_img_99.jpg,car
car_img_99a.jpg,car
car_img_9a.jpg,car
car_img_15.jpeg,car
car_img_17.jpeg,car
car_img_22a.jpeg,car
car_img_32a.jpeg,car
car_img_48.jpeg,car
car_img_59a.jpeg,car
car_img_68a.jpeg,car
car_img_0.png,car
car_img_11.png,car
car_img_12.png,car
car_img_13.png,car
car_img_13a.png,car
car_img_15a.png,car
car_img_18.png,car
car_img_19.png,car
car_img_20.png,car
car_img_22.png,car
car_img_24a.png,car
car_img_25.png,car
car_img_26.png,car
car_img_27a.png,car
car_img_28.png,car
car_img_29.png,car
car_img_2a.png,car
car_img_34.png,car
car_img_35.png,car
car_img_37.png,car
car_img_38.png,car
car_img_4.png,car
car_img_44a.png,car
car_img_45.png,car
car_img_5.png,car
car_img_55a.png,car
car_img_56.png,car
car_img_58a.png,car
car_img_59.png,car
car_img_66.png,car
car_img_8.png,car
car_img_83a.png,car
car_img_84.png,car
car_img_94.png,car
car_img_95.png,car
car_img_95a.png,car
car_img_96a.png,car
plane_img_0.jpg,plane
plane_img_0a.jpg,plane
plane_img_1.jpg,plane
plane_img_10.jpg,plane
plane_img_10a.jpg,plane
plane_img_11.jpg,plane
plane_img_11a.jpg,plane
plane_img_12.jpg,plane
plane_img_12a.jpg,plane
plane_img_13.jpg,plane
plane_img_13a.jpg,plane
plane_img_15.jpg,plane
plane_img_15a.jpg,plane
plane_img_16.jpg,plane
plane_img_16a.jpg,plane
plane_img_17.jpg,plane
plane_img_17a.jpg,plane
plane_img_18.jpg,plane
plane_img_18a.jpg,plane
plane_img_19.jpg,plane
plane_img_19a.jpg,plane
plane_img_1a.jpg,plane
plane_img_2.jpg,plane
plane_img_20.jpg,plane
plane_img_20a.jpg,plane
plane_img_21.jpg,plane
plane_img_21a.jpg,plane
plane_img_22.jpg,plane
plane_img_22a.jpg,plane
plane_img_23.jpg,plane
plane_img_23a.jpg,plane
plane_img_24.jpg,plane
plane_img_24a.jpg,plane
plane_img_25.jpg,plane
plane_img_25a.jpg,plane
plane_img_26.jpg,plane
plane_img_26a.jpg,plane
plane_img_27.jpg,plane
plane_img_27a.jpg,plane
plane_img_28.jpg,plane
plane_img_28a.jpg,plane
plane_img_29.jpg,plane
plane_img_29a.jpg,plane
plane_img_2a.jpg,plane
plane_img_3.jpg,plane
plane_img_30a.jpg,plane
plane_img_31.jpg,plane
plane_img_31a.jpg,plane
plane_img_32.jpg,plane
plane_img_33.jpg,plane
plane_img_33a.jpg,plane
plane_img_34.jpg,plane
plane_img_34a.jpg,plane
plane_img_35.jpg,plane
plane_img_35a.jpg,plane
plane_img_36.jpg,plane
plane_img_36a.jpg,plane
plane_img_37.jpg,plane
plane_img_37a.jpg,plane
plane_img_38.jpg,plane
plane_img_38a.jpg,plane
plane_img_39.jpg,plane
plane_img_39a.jpg,plane
plane_img_3a.jpg,plane
plane_img_4.jpg,plane
plane_img_40.jpg,plane
plane_img_40a.jpg,plane
plane_img_41.jpg,plane
plane_img_41a.jpg,plane
plane_img_42a.jpg,plane
plane_img_43.jpg,plane
plane_img_43a.jpg,plane
plane_img_44a.jpg,plane
plane_img_45.jpg,plane
plane_img_45a.jpg,plane
plane_img_46a.jpg,plane
plane_img_47.jpg,plane
plane_img_47a.jpg,plane
plane_img_48.jpg,plane
plane_img_48a.jpg,plane
plane_img_49.jpg,plane
plane_img_4a.jpg,plane
plane_img_5.jpg,plane
plane_img_50.jpg,plane
plane_img_50a.jpg,plane
plane_img_51.jpg,plane
plane_img_51a.jpg,plane
plane_img_52.jpg,plane
plane_img_52a.jpg,plane
plane_img_53.jpg,plane
plane_img_53a.jpg,plane
plane_img_54a.jpg,plane
plane_img_55.jpg,plane
plane_img_55a.jpg,plane
plane_img_56.jpg,plane
plane_img_56a.jpg,plane
plane_img_57.jpg,plane
plane_img_58.jpg,plane
plane_img_58a.jpg,plane
plane_img_59a.jpg,plane
plane_img_5a.jpg,plane
plane_img_6.jpg,plane
plane_img_60.jpg,plane
plane_img_60a.jpg,plane
plane_img_61.jpg,plane
plane_img_62.jpg,plane
plane_img_62a.jpg,plane
plane_img_63a.jpg,plane
plane_img_64.jpg,plane
plane_img_64a.jpg,plane
plane_img_65a.jpg,plane
plane_img_66.jpg,plane
plane_img_66a.jpg,plane
plane_img_67.jpg,plane
plane_img_67a.jpg,plane
plane_img_68.jpg,plane
plane_img_68a.jpg,plane
plane_img_6a.jpg,plane
plane_img_70.jpg,plane
plane_img_70a.jpg,plane
plane_img_71.jpg,plane
plane_img_71a.jpg,plane
plane_img_72.jpg,plane
plane_img_72a.jpg,plane
plane_img_73.jpg,plane
plane_img_73a.jpg,plane
plane_img_74.jpg,plane
plane_img_74a.jpg,plane
plane_img_75a.jpg,plane
plane_img_76a.jpg,plane
plane_img_77.jpg,plane
plane_img_77a.jpg,plane
plane_img_78.jpg,plane
plane_img_78a.jpg,plane
plane_img_79.jpg,plane
plane_img_79a.jpg,plane
plane_img_7a.jpg,plane
plane_img_8.jpg,plane
plane_img_80.jpg,plane
plane_img_80a.jpg,plane
plane_img_81.jpg,plane
plane_img_81a.jpg,plane
plane_img_82.jpg,plane
plane_img_82a.jpg,plane
plane_img_83.jpg,plane
plane_img_83a.jpg,plane
plane_img_85.jpg,plane
plane_img_85a.jpg,plane
plane_img_86a.jpg,plane
plane_img_87.jpg,plane
plane_img_87a.jpg,plane
plane_img_88.jpg,plane
plane_img_88a.jpg,plane
plane_img_89.jpg,plane
plane_img_89a.jpg,plane
plane_img_8a.jpg,plane
plane_img_9.jpg,plane
plane_img_90.jpg,plane
plane_img_90a.jpg,plane
plane_img_91.jpg,plane
plane_img_91a.jpg,plane
plane_img_92a.jpg,plane
plane_img_93a.jpg,plane
plane_img_94.jpg,plane
plane_img_95.jpg,plane
plane_img_95a.jpg,plane
plane_img_96a.jpg,plane
plane_img_97.jpg,plane
plane_img_97a.jpg,plane
plane_img_98.jpg,plane
plane_img_98a.jpg,plane
plane_img_99.jpg,plane
plane_img_99a.jpg,plane
plane_img_9a.jpg,plane
plane_img_59.jpeg,plane
plane_img_92.jpeg,plane
plane_img_14.png,plane
plane_img_14a.png,plane
plane_img_32a.png,plane
plane_img_42.png,plane
plane_img_57a.png,plane
plane_img_61a.png,plane
plane_img_65.png,plane
plane_img_7.png,plane
plane_img_75.png,plane
plane_img_86.png,plane
plane_img_96.png,plane
train_img_0.jpg,train
train_img_0a.jpg,train
train_img_1.jpg,train
train_img_10.jpg,train
train_img_11.jpg,train
train_img_11a.jpg,train
train_img_12.jpg,train
train_img_12a.jpg,train
train_img_13.jpg,train
train_img_14.jpg,train
train_img_14a.jpg,train
train_img_15a.jpg,train
train_img_16.jpg,train
train_img_17.jpg,train
train_img_17a.jpg,train
train_img_18.jpg,train
train_img_18a.jpg,train
train_img_19.jpg,train
train_img_19a.jpg,train
train_img_1a.jpg,train
train_img_2.jpg,train
train_img_20.jpg,train
train_img_21.jpg,train
train_img_21a.jpg,train
train_img_22.jpg,train
train_img_22a.jpg,train
train_img_23.jpg,train
train_img_23a.jpg,train
train_img_24.jpg,train
train_img_24a.jpg,train
train_img_25.jpg,train
train_img_25a.jpg,train
train_img_26a.jpg,train
train_img_27.jpg,train
train_img_27a.jpg,train
train_img_28a.jpg,train
train_img_2a.jpg,train
train_img_3.jpg,train
train_img_30.jpg,train
train_img_31.jpg,train
train_img_31a.jpg,train
train_img_32.jpg,train
train_img_32a.jpg,train
train_img_33.jpg,train
train_img_33a.jpg,train
train_img_34.jpg,train
train_img_35.jpg,train
train_img_35a.jpg,train
train_img_36.jpg,train
train_img_37.jpg,train
train_img_37a.jpg,train
train_img_38.jpg,train
train_img_39.jpg,train
train_img_39a.jpg,train
train_img_3a.jpg,train
train_img_4.jpg,train
train_img_40.jpg,train
train_img_40a.jpg,train
train_img_41.jpg,train
train_img_41a.jpg,train
train_img_42.jpg,train
train_img_42a.jpg,train
train_img_43.jpg,train
train_img_43a.jpg,train
train_img_44.jpg,train
train_img_44a.jpg,train
train_img_45.jpg,train
train_img_45a.jpg,train
train_img_46.jpg,train
train_img_46a.jpg,train
train_img_47.jpg,train
train_img_47a.jpg,train
train_img_48.jpg,train
train_img_48a.jpg,train
train_img_49.jpg,train
train_img_5.jpg,train
train_img_50.jpg,train
train_img_50a.jpg,train
train_img_51.jpg,train
train_img_51a.jpg,train
train_img_52.jpg,train
train_img_53.jpg,train
train_img_53a.jpg,train
train_img_54.jpg,train
train_img_55.jpg,train
train_img_56.jpg,train
train_img_56a.jpg,train
train_img_57.jpg,train
train_img_58.jpg,train
train_img_5a.jpg,train
train_img_6.jpg,train
train_img_60.jpg,train
train_img_60a.jpg,train
train_img_61.jpg,train
train_img_61a.jpg,train
train_img_62.jpg,train
train_img_65.jpg,train
train_img_66.jpg,train
train_img_67.jpg,train
train_img_67a.jpg,train
train_img_68.jpg,train
train_img_68a.jpg,train
train_img_6a.jpg,train
train_img_7.jpg,train
train_img_70a.jpg,train
train_img_71.jpg,train
train_img_71a.jpg,train
train_img_72.jpg,train
train_img_72a.jpg,train
train_img_73.jpg,train
train_img_73a.jpg,train
train_img_74.jpg,train
train_img_74a.jpg,train
train_img_75.jpg,train
train_img_75a.jpg,train
train_img_76.jpg,train
train_img_76a.jpg,train
train_img_77.jpg,train
train_img_77a.jpg,train
train_img_78.jpg,train
train_img_78a.jpg,train
train_img_79.jpg,train
train_img_79a.jpg,train
train_img_7a.jpg,train
train_img_8.jpg,train
train_img_80.jpg,train
train_img_80a.jpg,train
train_img_81.jpg,train
train_img_81a.jpg,train
train_img_82.jpg,train
train_img_82a.jpg,train
train_img_83a.jpg,train
train_img_85.jpg,train
train_img_85a.jpg,train
train_img_86a.jpg,train
train_img_87.jpg,train
train_img_87a.jpg,train
train_img_88.jpg,train
train_img_88a.jpg,train
train_img_89.jpg,train
train_img_89a.jpg,train
train_img_8a.jpg,train
train_img_9.jpg,train
train_img_90.jpg,train
train_img_90a.jpg,train
train_img_91.jpg,train
train_img_92.jpg,train
train_img_92a.jpg,train
train_img_93.jpg,train
train_img_94.jpg,train
train_img_94a.jpg,train
train_img_95.jpg,train
train_img_95a.jpg,train
train_img_96.jpg,train
train_img_96a.jpg,train
train_img_97.jpg,train
train_img_99.jpg,train
train_img_99a.jpg,train
train_img_9a.jpg,train
train_img_15.jpeg,train
train_img_10a.png,train
train_img_26.png,train
train_img_29.png,train
train_img_59.png,train
train_img_64.png,train
train_img_84a.png,train
train_img_98.png,train
